Checked,Protein FDR Confidence: Combined,Master,Accession,Description,Exp. q-value: Combined,Sum PEP Score,Coverage [%],# Peptides,# PSMs,# Unique Peptides,# AAs,MW [kDa],calc. pI,Score Sequest HT: Sequest HT,# Peptides (by Search Engine): Sequest HT,# Razor Peptides,Abundance: F2: Sample,Found in Sample: F2: Sample,# Protein Groups,Modifications,,,
FALSE,High,Master Protein,XP_018742465.1,hypothetical protein FVEG_00370 [Fusarium verticillioides 7600],0,30.677,30,13,236,13,416,43.2,8.56,775.73,13,0,5125861470,High,1,,,,
,Checked,Confidence,Annotated Sequence,Modifications,# Protein Groups,# Proteins,# PSMs,Master Protein Accessions,Positions in Master Proteins,Modifications in Master Proteins,# Missed Cleavages,Theo. MH+ [Da],Abundance: F2: Sample,Quan Info,Found in Sample: F2: Sample,Confidence (by Search Engine): Sequest HT,q-Value (by Search Engine): Sequest HT,PEP (by Search Engine): Sequest HT,SVM Score (by Search Engine): Sequest HT,XCorr (by Search Engine): Sequest HT,PEP,q-Value,Top Apex RT [min]
,FALSE,High,[RK].TYGVSKK.[EA],,1,2,1,XP_018742465.1,XP_018742465.1 [215-221],,1,782.44068,181127.75,,High,High,0.0025,0.191236,0.159019,1.72,0.306623,0.00877193,15.94
,FALSE,High,[K].KATIQAVK.[V],,1,1,1,XP_018742465.1,XP_018742465.1 [221-228],,1,858.54073,325535.875,,High,High,0.0025,0.208863,0.127916,2.83,0.331167,0.00877193,16.05
,FALSE,High,[R].TTHNEFEGR.[A],,1,1,31,XP_018742465.1,XP_018742465.1 [177-185],,0,1090.49121,14900696.14,,High,High,0.0025,0.030542,0.781127,2.33,0.0569254,0.00877193,16.09
,FALSE,High,[K].ITGNLR.[S],,1,1,1,XP_018742465.1,XP_018742465.1 [397-402],,0,673.39915,801924,,High,High,0.0025,0.192154,0.157335,1.55,0.307913,0.00877193,19.4
,FALSE,High,[K].ATIQAVK.[V],,1,1,1,XP_018742465.1,XP_018742465.1 [222-228],,0,730.44577,291910.8125,,High,High,0.0025,0.164545,0.211551,2.15,0.268617,0.00877193,17.67
,FALSE,High,[K].TTATSGKITGNLR.[S],,1,1,10,XP_018742465.1,XP_018742465.1 [390-402],,1,1319.72775,157283978,,High,High,0.0025,0.00959399,1.1674,4.39,0.0190557,0.00877193,19.07
,FALSE,High,[K].TTATSGKITGNLR.[S],1xDeamidated [N11],1,1,1,XP_018742465.1,XP_018742465.1 [390-402],,1,1320.71177,2109418,,High,High,0.0025,0.0127856,1.07169,4.53,0.0250188,0.00877193,19.91
,FALSE,High,[K].TYGVSKKATIQAVK.[V],,1,1,3,XP_018742465.1,XP_018742465.1 [215-228],,2,1493.8686,9518503.5,,High,High,0.0025,0.0329131,0.75614,3.24,0.0610716,0.00877193,19.19
,FALSE,High,[R].SSPNLIGNNGNTAQ.[-],,1,1,4,XP_018742465.1,XP_018742465.1 [403-416],,0,1386.6608,73602707.78,,High,High,0.0025,0.206815,0.131404,2.78,0.328337,0.00877193,24.46
,FALSE,High,[R].SSPNLIGNNGNTAQ.[-],1xDeamidated [N],1,1,33,XP_018742465.1,XP_018742465.1 [403-416],,0,1387.64481,924927787.6,,High,High,0.0025,0.0416917,0.677057,2.55,0.0762538,0.00877193,25.37
,FALSE,High,[R].SSPNLIGNNGNTAQ.[-],2xDeamidated [N8; N9],1,1,2,XP_018742465.1,XP_018742465.1 [403-416],,0,1388.62883,133066256,,High,High,0.0025,0.185697,0.169336,2.41,0.298823,0.00877193,26.16
,FALSE,High,[R].SSPNLIGNNGNTAQ.[-],3xDeamidated [N8; N9; N11],1,1,1,XP_018742465.1,XP_018742465.1 [403-416],,0,1389.61284,,No Quan Values,High,High,0.0025,0.0870981,0.42933,2.44,0.15131,0.00877193,
,FALSE,High,[R].ALTTQSGAPWGLGTVSHR.[S],,1,1,113,XP_018742465.1,XP_018742465.1 [132-149],,0,1838.95077,3655833001,,High,High,0.0025,1.17413E-06,4.16642,5.33,3.61981E-06,0.00877193,28.18
,FALSE,High,[R].ALTTQSGAPWGLGTVSHR.[S],1xDeamidated [Q5],1,1,5,XP_018742465.1,XP_018742465.1 [132-149],,0,1839.93479,411263.1797,,High,High,0.0025,0.0030899,1.54472,3.95,0.00649069,0.00877193,26.39
,FALSE,High,[R].AQAVYTAFSGDNADSVGHGTHVSGTIAGK.[T],,1,1,20,XP_018742465.1,XP_018742465.1 [186-214],,0,2818.33907,151241317.7,,High,High,0.0025,2.56826E-07,4.67236,9.16,8.52708E-07,0.00877193,25.82
,FALSE,High,[R].AQAVYTAFSGDNADSVGHGTHVSGTIAGK.[T],1xDeamidated [N12],1,1,2,XP_018742465.1,XP_018742465.1 [186-214],,0,2819.32309,,Not Reliable,High,High,0.0025,8.28162E-05,2.74963,3.56,0.000207474,0.00877193,
,FALSE,High,[K].RALTTQSGAPWGLGTVSHR.[S],,1,1,3,XP_018742465.1,XP_018742465.1 [131-149],,1,1995.05188,1211932.25,,High,High,0.0025,0.0234535,0.869326,3,0.0443908,0.00877193,25.63
,FALSE,High,[K].ITGNLRSSPNLIGNNGNTAQ.[-],1xDeamidated [N],1,1,2,XP_018742465.1,XP_018742465.1 [397-416],,1,2042.02612,154111.25,,High,High,0.0025,0.16613,0.208218,1.7,0.270904,0.00877193,26.75
,FALSE,High,[R].SSGFTSYIYDTNAGTNTYAYVVDTGVR.[T],1xDeamidated [N],1,1,2,XP_018742465.1,XP_018742465.1 [150-176],,0,2923.32684,,Not Reliable,High,High,0.0025,0.163524,0.213714,1.23,0.267142,0.00877193,
FALSE,High,Master Protein,XP_018759418.1,carboxylesterase 1 [Fusarium verticillioides 7600],0,31.821,41,11,79,11,311,33.8,8.62,199.76,11,0,207699410,High,1,,,,
,Checked,Confidence,Annotated Sequence,Modifications,# Protein Groups,# Proteins,# PSMs,Master Protein Accessions,Positions in Master Proteins,Modifications in Master Proteins,# Missed Cleavages,Theo. MH+ [Da],Abundance: F2: Sample,Quan Info,Found in Sample: F2: Sample,Confidence (by Search Engine): Sequest HT,q-Value (by Search Engine): Sequest HT,PEP (by Search Engine): Sequest HT,SVM Score (by Search Engine): Sequest HT,XCorr (by Search Engine): Sequest HT,PEP,q-Value,Top Apex RT [min]
,FALSE,High,[K].NMYPGYNGARPK.[F],1xDeamidated [N7],1,1,5,XP_018759418.1,XP_018759418.1 [207-218],,1,1368.6365,6453478.375,,High,High,0.0025,0.0627578,0.539871,2.62,0.111762,0.00877193,21.27
,FALSE,High,[K].NMYPGYNGARPK.[F],1xOxidation [M2]; 1xDeamidated [N7],1,1,12,XP_018759418.1,XP_018759418.1 [207-218],,1,1384.63141,39979558.88,,High,High,0.0025,0.0345828,0.739597,2.2,0.0639789,0.00877193,19.53
,FALSE,High,[K].NMYPGYNGARPK.[F],2xDeamidated [N1; N7]; 1xOxidation [M2],1,1,6,XP_018759418.1,XP_018759418.1 [207-218],,1,1385.61543,2027344.156,,High,High,0.0025,0.0686359,0.509745,2.05,0.12145,0.00877193,21.31
,FALSE,High,[K].MTLTHEGGGCSTSIANMAK.[Y],1xCarbamidomethyl [C10],1,1,1,XP_018759418.1,XP_018759418.1 [107-125],,0,1965.88269,229909.75,,High,High,0.0025,0.28243,0.0191719,1.49,0.429258,0.00877193,24.56
,FALSE,High,[K].MTLTHEGGGCSTSIANMAK.[Y],1xCarbamidomethyl [C10]; 1xOxidation [M1],1,1,1,XP_018759418.1,XP_018759418.1 [107-125],,0,1981.87761,611600.75,,High,High,0.0025,0.0293215,0.794753,2.24,0.0547826,0.00877193,22.61
,FALSE,High,[K].MTLTHEGGGCSTSIANMAK.[Y],2xOxidation [M1; M17]; 1xCarbamidomethyl [C10],1,1,3,XP_018759418.1,XP_018759418.1 [107-125],,0,1997.87252,3551292,,High,High,0.0025,0.000637418,2.07026,6.25,0.00144571,0.00877193,19.92
,FALSE,High,[K].NMYPGYNGAR.[P],1xDeamidated [N7],1,1,3,XP_018759418.1,XP_018759418.1 [207-216],,0,1143.48877,1318404.25,,High,High,0.0025,0.176659,0.186797,2.51,0.285999,0.00877193,23.28
,FALSE,High,[K].NMYPGYNGAR.[P],1xOxidation [M2]; 1xDeamidated [N7],1,1,4,XP_018759418.1,XP_018759418.1 [207-216],,0,1159.48368,7338548.266,,High,High,0.0025,0.12175,0.315374,1.78,0.205249,0.00877193,21
,FALSE,High,[K].NMYPGYNGAR.[P],2xDeamidated [N1; N7]; 1xOxidation [M2],1,1,3,XP_018759418.1,XP_018759418.1 [207-216],,0,1160.4677,299847.1563,,High,High,0.0025,0.0927145,0.408158,1.96,0.160232,0.00877193,23.37
,FALSE,High,[K].STTPNTPASPYTR.[Q],,1,1,7,XP_018759418.1,XP_018759418.1 [254-266],,0,1392.67538,88589396.17,,High,High,0.0025,0.0401406,0.689747,3.01,0.0735889,0.00877193,21.59
,FALSE,High,[K].STTPNTPASPYTR.[Q],1xDeamidated [N5],1,1,1,XP_018759418.1,XP_018759418.1 [254-266],,0,1393.6594,176252.0313,,High,High,0.0025,0.191499,0.158535,2.58,0.306993,0.00877193,23.51
,FALSE,High,[K].YVLNQYNGDAKK.[V],1xDeamidated [N7],1,1,6,XP_018759418.1,XP_018759418.1 [126-137],,1,1413.70087,6908181.938,,High,High,0.0025,0.00619591,1.31304,3.43,0.0125805,0.00877193,21.24
,FALSE,High,[K].MSLYVPK.[N],,1,1,2,XP_018759418.1,XP_018759418.1 [44-50],,0,837.45389,3616969.25,,High,High,0.0025,0.113581,0.339109,2.13,0.192764,0.00877193,26.19
,FALSE,High,[K].MSLYVPK.[N],1xOxidation [M1],1,1,4,XP_018759418.1,XP_018759418.1 [44-50],,0,853.4488,11188247,,High,High,0.0025,0.186893,0.167084,2.33,0.300511,0.00877193,22.55
,FALSE,High,[R].GQLTQVNSYGNNPTGTK.[M],,1,1,3,XP_018759418.1,XP_018759418.1 [27-43],,0,1778.86677,6838191,,High,High,0.0025,0.000112472,2.64774,4.72,0.000277595,0.00877193,22.97
,FALSE,High,[R].GQLTQVNSYGNNPTGTK.[M],1xDeamidated [N7],1,1,2,XP_018759418.1,XP_018759418.1 [27-43],,0,1779.85078,587842.5,,High,High,0.0025,0.0024765,1.6184,3.82,0.00525838,0.00877193,23.71
,FALSE,High,[K].YVLNQYNGDAK.[K],,1,1,2,XP_018759418.1,XP_018759418.1 [126-136],,0,1284.62189,1749326.5,,High,High,0.0025,0.0132634,1.05947,2.85,0.0259027,0.00877193,23.26
,FALSE,High,[K].YVLNQYNGDAK.[K],1xDeamidated [N7],1,1,2,XP_018759418.1,XP_018759418.1 [126-136],,0,1285.60591,7399805,,High,High,0.0025,0.0107304,1.1301,2.97,0.0211902,0.00877193,23.88
,FALSE,High,[K].FQAFLGQGIGHGNPHFDDNDLK.[W],,1,1,3,XP_018759418.1,XP_018759418.1 [273-294],,0,2427.14763,2544172.313,,High,High,0.0025,2.64971E-05,3.12898,7.44,7.01744E-05,0.00877193,29.94
,FALSE,High,[K].SIYTQTQWANVVK.[N],,1,1,5,XP_018759418.1,XP_018759418.1 [194-206],,0,1537.80092,11599503.19,,High,High,0.0025,0.00526056,1.36753,3.63,0.0107681,0.00877193,30.89
,FALSE,High,[K].QWTGIFGYSSTPK.[S],,1,1,4,XP_018759418.1,XP_018759418.1 [241-253],,0,1471.72161,4691539.5,,High,High,0.0025,0.00257302,1.60567,3.81,0.00545319,0.00877193,33.08
FALSE,High,Master Protein,XP_018760431.1,glycosyl hydrolase family 10 [Fusarium verticillioides 7600],0,14.908,36,10,23,10,356,39.3,8.76,43.41,10,0,21135770.8,High,1,,,,
,Checked,Confidence,Annotated Sequence,Modifications,# Protein Groups,# Proteins,# PSMs,Master Protein Accessions,Positions in Master Proteins,Modifications in Master Proteins,# Missed Cleavages,Theo. MH+ [Da],Abundance: F2: Sample,Quan Info,Found in Sample: F2: Sample,Confidence (by Search Engine): Sequest HT,q-Value (by Search Engine): Sequest HT,PEP (by Search Engine): Sequest HT,SVM Score (by Search Engine): Sequest HT,XCorr (by Search Engine): Sequest HT,PEP,q-Value,Top Apex RT [min]
,FALSE,High,[R].MALAADPTTK.[L],1xOxidation [M1],1,1,1,XP_018760431.1,XP_018760431.1 [188-197],,0,1034.51867,2194184,,High,High,0.0025,0.131198,0.28976,2.09,0.219523,0.00877193,19
,FALSE,High,[R].DHINAVMGR.[Y],,1,1,2,XP_018760431.1,XP_018760431.1 [139-147],,0,1012.49927,563818.7188,,High,High,0.0025,0.273595,0.0308321,1.97,0.417847,0.00877193,20
,FALSE,High,[R].NDQGETNIINNK.[N],,1,1,4,XP_018760431.1,XP_018760431.1 [54-65],,0,1359.6499,3433189,,High,High,0.0025,0.00516315,1.37376,3.77,0.0105782,0.00877193,20.71
,FALSE,High,[R].NDQGETNIINNK.[N],1xDeamidated [N1],1,1,1,XP_018760431.1,XP_018760431.1 [54-65],,0,1360.63391,256486.6406,,High,High,0.0025,0.0775269,0.468679,1.73,0.135935,0.00877193,23.27
,FALSE,High,[K].LQTNADAYAR.[I],,1,1,2,XP_018760431.1,XP_018760431.1 [288-297],,0,1122.55381,2066305,,High,High,0.0025,0.044732,0.653487,2.48,0.081457,0.00877193,20.78
,FALSE,High,[K].NEIGSITPENAMK.[W],1xOxidation [M12],1,1,3,XP_018760431.1,XP_018760431.1 [66-78],,0,1419.67842,2215907.5,,High,High,0.0025,0.00433483,1.43199,3.61,0.00895738,0.00877193,23.15
,FALSE,High,[K].WEAIQPNR.[G],,1,1,3,XP_018760431.1,XP_018760431.1 [79-86],,0,1013.5163,1962155.25,,High,High,0.0025,0.177628,0.184886,2.6,0.28738,0.00877193,23.44
,FALSE,High,[R].IDGIGLQAHMTSESTPTQNTPTPSR.[A],1xOxidation [M10],1,1,2,XP_018760431.1,XP_018760431.1 [229-253],,0,2655.26788,1007779.625,,High,High,0.0025,0.0307786,0.778549,1.81,0.05734,0.00877193,24.59
,FALSE,High,[R].GQFNWGPADQHAAAATSR.[G],,1,1,1,XP_018760431.1,XP_018760431.1 [87-104],,0,1884.87358,3352847.25,,High,High,0.0025,0.00131483,1.82921,4.22,0.00287893,0.00877193,25.14
,FALSE,High,[K].QYFGTALTVR.[N],,1,1,3,XP_018760431.1,XP_018760431.1 [44-53],,0,1155.61568,3608486.5,,High,High,0.0025,0.0155404,1.00664,2.19,0.0300937,0.00877193,28.52
,FALSE,High,[R].VIGEAYIPIAFR.[M],,1,1,1,XP_018760431.1,XP_018760431.1 [176-187],,0,1348.76235,474611.3125,,High,High,0.0025,0.00434971,1.43085,3.33,0.0089866,0.00877193,36.28
FALSE,High,Master Protein,XP_018761519.1,"endo-1,4-beta-xylanase C [Fusarium verticillioides 7600]",0,15.714,20,5,22,5,328,35.7,8.88,74.82,5,0,92275982.89,High,1,,,,
,Checked,Confidence,Annotated Sequence,Modifications,# Protein Groups,# Proteins,# PSMs,Master Protein Accessions,Positions in Master Proteins,Modifications in Master Proteins,# Missed Cleavages,Theo. MH+ [Da],Abundance: F2: Sample,Quan Info,Found in Sample: F2: Sample,Confidence (by Search Engine): Sequest HT,q-Value (by Search Engine): Sequest HT,PEP (by Search Engine): Sequest HT,SVM Score (by Search Engine): Sequest HT,XCorr (by Search Engine): Sequest HT,PEP,q-Value,Top Apex RT [min]
,FALSE,High,[K].VIENHVTQVVGR.[Y],,1,1,5,XP_018761519.1,XP_018761519.1 [130-141],,0,1350.74882,61987789.5,,High,High,0.0025,0.00097593,1.92845,4.16,0.00216806,0.00877193,21.45
,FALSE,High,[K].VIENHVTQVVGR.[Y],1xDeamidated [N4],1,1,6,XP_018761519.1,XP_018761519.1 [130-141],,0,1351.73284,9494174.156,,High,High,0.0025,0.00868625,1.20051,2.87,0.0173406,0.00877193,21.98
,FALSE,High,[K].ADFGAVTPENSGK.[W],,1,1,3,XP_018761519.1,XP_018761519.1 [61-73],,0,1292.61172,14934494,,High,High,0.0025,0.00319885,1.53318,3,0.0067083,0.00877193,23.07
,FALSE,High,[K].ADFGAVTPENSGK.[W],1xDeamidated [N10],1,1,2,XP_018761519.1,XP_018761519.1 [61-73],,0,1293.59574,1279844.25,,High,High,0.0025,0.0011302,1.87959,3.9,0.00249292,0.00877193,23.75
,FALSE,High,[R].GHTLVWHSQLPQWVK.[N],,1,1,4,XP_018761519.1,XP_018761519.1 [105-119],,0,1815.9653,3944702.25,,High,High,0.0025,0.00149709,1.78599,6.79,0.00325738,0.00877193,29.74
,FALSE,High,[K].PAYTAVVNALR.[-],,1,1,1,XP_018761519.1,XP_018761519.1 [318-328],,0,1174.65788,134596.8906,,High,High,0.0025,0.0171863,0.97307,1.89,0.0330989,0.00877193,30.43
,FALSE,High,[K].LYYGTITDPNLLGVAK.[D],,1,1,1,XP_018761519.1,XP_018761519.1 [39-54],,0,1737.94216,500381.8438,,High,High,0.0025,0.00130214,1.83244,3.43,0.00285248,0.00877193,35.09
FALSE,High,Master Protein,XP_018744610.1,hypothetical protein FVEG_01630 [Fusarium verticillioides 7600],0,9.045,27,6,14,6,206,21.9,6.9,22.65,6,0,9241996.469,High,1,,,,
,Checked,Confidence,Annotated Sequence,Modifications,# Protein Groups,# Proteins,# PSMs,Master Protein Accessions,Positions in Master Proteins,Modifications in Master Proteins,# Missed Cleavages,Theo. MH+ [Da],Abundance: F2: Sample,Quan Info,Found in Sample: F2: Sample,Confidence (by Search Engine): Sequest HT,q-Value (by Search Engine): Sequest HT,PEP (by Search Engine): Sequest HT,SVM Score (by Search Engine): Sequest HT,XCorr (by Search Engine): Sequest HT,PEP,q-Value,Top Apex RT [min]
,FALSE,High,[K].SDGSAVFR.[L],,1,1,3,XP_018744610.1,XP_018744610.1 [82-89],,0,838.40536,886460.0625,,High,High,0.0025,0.0891914,0.421287,1.08,0.154644,0.00877193,20.09
,FALSE,High,[K].NPLPDSFETK.[G],,1,1,3,XP_018744610.1,XP_018744610.1 [127-136],,0,1147.56298,2951427.5,,High,High,0.0025,0.0504776,0.612987,2.28,0.0912165,0.00877193,25.95
,FALSE,High,[R].LSEGELYLYNTGKK.[Q],,1,1,2,XP_018744610.1,XP_018744610.1 [90-103],,1,1614.83736,799793.75,,High,High,0.0025,0.0361299,0.724964,2.38,0.0666639,0.00877193,26.37
,FALSE,High,[R].SGMGQGVLQYATVSK.[N],1xOxidation [M3],1,1,2,XP_018744610.1,XP_018744610.1 [112-126],,0,1541.76282,1479251.875,,High,High,0.0025,0.000563245,2.11144,4.12,0.00128521,0.00877193,26.71
,FALSE,High,[R].LSEGELYLYNTGK.[K],,1,1,1,XP_018744610.1,XP_018744610.1 [90-102],,0,1486.7424,330807.7813,,High,High,0.0025,0.00417709,1.44433,3.01,0.0086471,0.00877193,29.6
,FALSE,High,[K].TFGLVALR.[S],,1,1,3,XP_018744610.1,XP_018744610.1 [41-48],,0,876.53016,2794255.5,,High,High,0.0025,0.0476032,0.632642,2.45,0.0863461,0.00877193,31.15
FALSE,High,Master Protein,EWG47586.1,hypothetical protein FVEG_07653 [Fusarium verticillioides 7600],0,6.074,14,5,14,5,368,39.6,6.73,26.49,5,0,20240384.53,High,1,,,,
,Checked,Confidence,Annotated Sequence,Modifications,# Protein Groups,# Proteins,# PSMs,Master Protein Accessions,Positions in Master Proteins,Modifications in Master Proteins,# Missed Cleavages,Theo. MH+ [Da],Abundance: F2: Sample,Quan Info,Found in Sample: F2: Sample,Confidence (by Search Engine): Sequest HT,q-Value (by Search Engine): Sequest HT,PEP (by Search Engine): Sequest HT,SVM Score (by Search Engine): Sequest HT,XCorr (by Search Engine): Sequest HT,PEP,q-Value,Top Apex RT [min]
,FALSE,High,[K].LPTVDSK.[C],,1,1,2,EWG47586.1,EWG47586.1 [294-300],,0,759.4247,1830488.75,,High,High,0.0025,0.176702,0.186712,1.16,0.286061,0.00877193,19.12
,FALSE,High,[R].VLLTDSR.[V],,1,1,2,EWG47586.1,EWG47586.1 [204-210],,0,803.46214,6557008.5,,High,High,0.0025,0.256276,0.0546507,1.27,0.395188,0.00877193,21.03
,FALSE,High,[K].SAATIVVGAHQDSVNSR.[S],,1,1,4,EWG47586.1,EWG47586.1 [162-178],,0,1711.87219,4060092.656,,High,High,0.0025,0.00404369,1.45514,5.28,0.00838411,0.00877193,21.71
,FALSE,High,[K].SAATIVVGAHQDSVNSR.[S],1xDeamidated [N15],1,1,1,EWG47586.1,EWG47586.1 [162-178],,0,1712.8562,420089.625,,High,High,0.0025,0.037641,0.711259,2.72,0.069279,0.00877193,22.37
,FALSE,High,[R].STLTEFIK.[F],,1,1,2,EWG47586.1,EWG47586.1 [99-106],,0,938.51932,5378705,,High,High,0.0025,0.192206,0.157241,2.38,0.307985,0.00877193,29.11
,FALSE,High,[R].QPSIIATITGK.[S],,1,1,3,EWG47586.1,EWG47586.1 [151-161],,0,1128.6623,1994000,,High,High,0.0025,0.0219447,0.891521,2.87,0.0416924,0.00877193,31.29
FALSE,High,Master Protein,XP_018755440.1,"endo-1,4-beta-xylanase [Fusarium verticillioides 7600]",0,5.275,18,4,13,4,233,25.2,9,24.29,4,0,22664872.25,High,1,,,,
,Checked,Confidence,Annotated Sequence,Modifications,# Protein Groups,# Proteins,# PSMs,Master Protein Accessions,Positions in Master Proteins,Modifications in Master Proteins,# Missed Cleavages,Theo. MH+ [Da],Abundance: F2: Sample,Quan Info,Found in Sample: F2: Sample,Confidence (by Search Engine): Sequest HT,q-Value (by Search Engine): Sequest HT,PEP (by Search Engine): Sequest HT,SVM Score (by Search Engine): Sequest HT,XCorr (by Search Engine): Sequest HT,PEP,q-Value,Top Apex RT [min]
,FALSE,High,[K].GWMPGAAR.[T],1xOxidation [M3],1,1,1,XP_018755440.1,XP_018755440.1 [92-99],,0,861.40358,4441323.5,,High,High,0.0025,0.275386,0.0284422,1.99,0.420169,0.00877193,20.46
,FALSE,High,[R].VNAPSIEGNK.[T],,1,1,4,XP_018755440.1,XP_018755440.1 [164-173],,0,1028.5371,13019418,,High,High,0.0025,0.0260257,0.834579,2.71,0.0489653,0.00877193,20.46
,FALSE,High,[R].SSGSVNTGAHFQAWK.[N],,1,1,4,XP_018755440.1,XP_018755440.1 [187-201],,0,1576.75028,2963002.25,,High,High,0.0025,0.00150049,1.78523,5.06,0.00326446,0.00877193,23.45
,FALSE,High,[K].TFQQFWSVR.[R],,1,1,4,XP_018755440.1,XP_018755440.1 [174-182],,0,1198.60037,2241128.5,,High,High,0.0025,0.0433647,0.663884,2.76,0.0791203,0.00877193,33.06
FALSE,High,Master Protein,XP_018747340.1,hypothetical protein FVEG_03308 [Fusarium verticillioides 7600],0,6.117,16,3,12,3,227,23.4,5.14,22.13,3,0,9954895.031,High,1,,,,
,Checked,Confidence,Annotated Sequence,Modifications,# Protein Groups,# Proteins,# PSMs,Master Protein Accessions,Positions in Master Proteins,Modifications in Master Proteins,# Missed Cleavages,Theo. MH+ [Da],Abundance: F2: Sample,Quan Info,Found in Sample: F2: Sample,Confidence (by Search Engine): Sequest HT,q-Value (by Search Engine): Sequest HT,PEP (by Search Engine): Sequest HT,SVM Score (by Search Engine): Sequest HT,XCorr (by Search Engine): Sequest HT,PEP,q-Value,Top Apex RT [min]
,FALSE,High,[R].PAGFTCPNADK.[V],1xCarbamidomethyl [C6],1,1,1,XP_018747340.1,XP_018747340.1 [177-187],,0,1177.53063,609277.5,,High,High,0.0025,0.215577,0.116691,2.12,0.340411,0.00877193,21.3
,FALSE,High,[K].QGTQAVTTAVNGLNQR.[C],1xDeamidated [N11],1,1,5,XP_018747340.1,XP_018747340.1 [84-99],,0,1658.84564,2287644.813,,High,High,0.0025,3.53252E-05,3.03326,5.47,9.22508E-05,0.00877193,23.29
,FALSE,High,[K].AVIMLGDPR.[F],,1,1,2,XP_018747340.1,XP_018747340.1 [148-156],,0,971.53426,1044976.5,,High,High,0.0025,0.0511104,0.608808,2.33,0.0922857,0.00877193,27.21
,FALSE,High,[K].AVIMLGDPR.[F],1xOxidation [M4],1,1,4,XP_018747340.1,XP_018747340.1 [148-156],,0,987.52918,6012996.219,,High,High,0.0025,0.16126,0.218558,1.64,0.263863,0.00877193,25.46
FALSE,High,Master Protein,XP_018760212.1,hypothetical protein FVEG_12324 [Fusarium verticillioides 7600],0,4.574,22,4,11,4,218,23.5,6.15,27.82,4,0,22692729,High,1,,,,
,Checked,Confidence,Annotated Sequence,Modifications,# Protein Groups,# Proteins,# PSMs,Master Protein Accessions,Positions in Master Proteins,Modifications in Master Proteins,# Missed Cleavages,Theo. MH+ [Da],Abundance: F2: Sample,Quan Info,Found in Sample: F2: Sample,Confidence (by Search Engine): Sequest HT,q-Value (by Search Engine): Sequest HT,PEP (by Search Engine): Sequest HT,SVM Score (by Search Engine): Sequest HT,XCorr (by Search Engine): Sequest HT,PEP,q-Value,Top Apex RT [min]
,FALSE,High,[R].QGLPSQECQR.[N],1xCarbamidomethyl [C8],1,1,2,XP_018760212.1,XP_018760212.1 [178-187],,0,1202.55825,3651376.25,,High,High,0.0025,0.113637,0.338941,2.97,0.19285,0.00877193,18.68
,FALSE,High,[K].SWHTETTFEK.[G],,1,1,3,XP_018760212.1,XP_018760212.1 [206-215],,0,1265.57969,6371754.438,,High,High,0.0025,0.0206536,0.911758,3.1,0.0393736,0.00877193,21.99
,FALSE,High,[K].AATEWCSNGAQGVYNIGEKR.[T],1xCarbamidomethyl [C6]; 1xDeamidated [N8],1,1,1,XP_018760212.1,XP_018760212.1 [134-153],,1,2212.00876,295143.3125,,High,High,0.0025,0.00691316,1.27656,2.93,0.0139605,0.00877193,27.11
,FALSE,High,[R].NLVLPISK.[C],,1,1,5,XP_018760212.1,XP_018760212.1 [188-195],,0,883.56113,12374455,,High,High,0.0025,0.152915,0.236975,2.23,0.25171,0.00877193,28.23
FALSE,High,Master Protein,XP_018760148.1,trypsin [Fusarium verticillioides 7600],0,6.728,27,5,11,5,248,24.7,8.69,17.4,5,0,10619485.42,High,1,,,,
,Checked,Confidence,Annotated Sequence,Modifications,# Protein Groups,# Proteins,# PSMs,Master Protein Accessions,Positions in Master Proteins,Modifications in Master Proteins,# Missed Cleavages,Theo. MH+ [Da],Abundance: F2: Sample,Quan Info,Found in Sample: F2: Sample,Confidence (by Search Engine): Sequest HT,q-Value (by Search Engine): Sequest HT,PEP (by Search Engine): Sequest HT,SVM Score (by Search Engine): Sequest HT,XCorr (by Search Engine): Sequest HT,PEP,q-Value,Top Apex RT [min]
,FALSE,High,[K].DSCQGDSGGPIVDSSK.[T],1xCarbamidomethyl [C3],1,1,1,XP_018760148.1,XP_018760148.1 [198-213],,0,1608.68061,163113.2656,,High,High,0.0025,0.0115366,1.10596,1.7,0.0226964,0.00877193,20.63
,FALSE,High,[R].TSGGVTSSLSSVR.[V],,1,1,2,XP_018760148.1,XP_018760148.1 [85-97],,0,1237.63827,2394592,,High,High,0.0025,0.00342642,1.5103,3.66,0.00716155,0.00877193,22.96
,FALSE,High,[K].VTVPIVSR.[A],,1,1,1,XP_018760148.1,XP_018760148.1 [164-171],,0,870.54073,5075425.5,,High,High,0.0025,0.273797,0.0305616,1.68,0.41811,0.00877193,25.1
,FALSE,High,[R].VHPSYSGNNNDLAILK.[L],,1,1,2,XP_018760148.1,XP_018760148.1 [98-113],,0,1741.88677,1159233.25,,High,High,0.0025,0.0196238,0.928825,4.44,0.0375175,0.00877193,25.89
,FALSE,High,[R].VHPSYSGNNNDLAILK.[L],1xDeamidated [N],1,1,3,XP_018760148.1,XP_018760148.1 [98-113],,0,1742.87079,229285.1563,,High,High,0.0025,0.255967,0.055088,1.12,0.394781,0.00877193,26.99
,FALSE,High,[K].LSTSIPASGTIGYAR.[L],,1,1,2,XP_018760148.1,XP_018760148.1 [114-128],,0,1493.79583,1597836.25,,High,High,0.0025,0.109227,0.352442,2.06,0.186052,0.00877193,27.61
FALSE,High,Master Protein,EWG53223.1,"arabinogalactan endo-1,4-beta-galactosidase [Fusarium verticillioides 7600]",0,2.74,8,3,8,3,348,38,8.62,9.99,3,0,4099185.875,High,1,,,,
,Checked,Confidence,Annotated Sequence,Modifications,# Protein Groups,# Proteins,# PSMs,Master Protein Accessions,Positions in Master Proteins,Modifications in Master Proteins,# Missed Cleavages,Theo. MH+ [Da],Abundance: F2: Sample,Quan Info,Found in Sample: F2: Sample,Confidence (by Search Engine): Sequest HT,q-Value (by Search Engine): Sequest HT,PEP (by Search Engine): Sequest HT,SVM Score (by Search Engine): Sequest HT,XCorr (by Search Engine): Sequest HT,PEP,q-Value,Top Apex RT [min]
,FALSE,High,[K].SYYNIGR.[L],,1,1,1,EWG53223.1,EWG53223.1 [165-171],,0,872.42609,1335472.875,,High,High,0.0025,0.289634,0.00988829,1.36,0.438489,0.00877193,23.1
,FALSE,High,[K].ILAANGVNSVR.[Q],1xDeamidated [N],1,1,5,EWG53223.1,EWG53223.1 [51-61],,0,1114.6215,1503568.25,,High,High,0.0025,0.0326447,0.758877,2.85,0.0606033,0.00877193,23.51
,FALSE,High,[R].LLNSAAYGIK.[D],,1,1,2,EWG53223.1,EWG53223.1 [172-181],,0,1049.59897,1260144.75,,High,High,0.0025,0.0371949,0.715247,2.99,0.0685078,0.00877193,25.96
FALSE,High,Master Protein,EWG55788.1,hypothetical protein FVEG_13736 [Fusarium verticillioides 7600],0,3.588,13,4,6,4,355,37,8.5,12.18,4,0,2537209.25,High,1,,,,
,Checked,Confidence,Annotated Sequence,Modifications,# Protein Groups,# Proteins,# PSMs,Master Protein Accessions,Positions in Master Proteins,Modifications in Master Proteins,# Missed Cleavages,Theo. MH+ [Da],Abundance: F2: Sample,Quan Info,Found in Sample: F2: Sample,Confidence (by Search Engine): Sequest HT,q-Value (by Search Engine): Sequest HT,PEP (by Search Engine): Sequest HT,SVM Score (by Search Engine): Sequest HT,XCorr (by Search Engine): Sequest HT,PEP,q-Value,Top Apex RT [min]
,FALSE,High,[R].GAIEAINQNDVK.[I],,1,1,2,EWG55788.1,EWG55788.1 [105-116],,0,1271.65901,725327.4375,,High,High,0.0025,0.0767043,0.472279,2.16,0.134603,0.00877193,23.38
,FALSE,High,[R].ASGSIGANTISITSGK.[T],,1,1,1,EWG55788.1,EWG55788.1 [73-88],,0,1463.77001,393926.8438,,High,High,0.0025,0.115067,0.334671,2.1,0.195045,0.00877193,25.65
,FALSE,High,[R].LAIQTALDR.[I],,1,1,2,EWG55788.1,EWG55788.1 [54-62],,0,1000.57857,899334.6875,,High,High,0.0025,0.0903409,0.416949,3.21,0.15647,0.00877193,26.88
,FALSE,High,[K].MTGNPYFGLR.[F],1xOxidation [M1],1,1,1,EWG55788.1,EWG55788.1 [122-131],,0,1171.55646,518620.2813,,High,High,0.0025,0.0339372,0.745898,2.51,0.0628558,0.00877193,27.85
FALSE,High,Master Protein,EWG53856.1,carboxypeptidase A4 [Fusarium verticillioides 7600],0,3.422,8,3,4,3,413,44.8,6.8,5.29,3,0,2242016.25,High,1,,,,
,Checked,Confidence,Annotated Sequence,Modifications,# Protein Groups,# Proteins,# PSMs,Master Protein Accessions,Positions in Master Proteins,Modifications in Master Proteins,# Missed Cleavages,Theo. MH+ [Da],Abundance: F2: Sample,Quan Info,Found in Sample: F2: Sample,Confidence (by Search Engine): Sequest HT,q-Value (by Search Engine): Sequest HT,PEP (by Search Engine): Sequest HT,SVM Score (by Search Engine): Sequest HT,XCorr (by Search Engine): Sequest HT,PEP,q-Value,Top Apex RT [min]
,FALSE,High,[K].GQIDSLAAGK.[G],,1,1,2,EWG53856.1,EWG53856.1 [285-294],,0,959.51564,1837041.125,,High,High,0.0025,0.0437519,0.660907,2.5,0.0797826,0.00877193,21.81
,FALSE,High,[R].ALTGIHIWGSGGK.[G],,1,1,1,EWG53856.1,EWG53856.1 [147-159],,0,1296.7059,404975.125,,High,High,0.0025,0.00647824,1.2982,2.8,0.0131247,0.00877193,27.77
,FALSE,High,[K].YSYTIELR.[D],,1,1,1,EWG53856.1,EWG53856.1 [374-381],,0,1044.53604,,No Quan Values,High,High,0.0025,0.231099,0.0918975,1.28,0.361555,0.00877193,
FALSE,High,Master Protein,EWG54450.1,alpha-L-arabinofuranosidase axhA [Fusarium verticillioides 7600],0,5.449,7,2,4,2,323,35,8.31,8.3,2,0,1346351.031,High,1,,,,
,Checked,Confidence,Annotated Sequence,Modifications,# Protein Groups,# Proteins,# PSMs,Master Protein Accessions,Positions in Master Proteins,Modifications in Master Proteins,# Missed Cleavages,Theo. MH+ [Da],Abundance: F2: Sample,Quan Info,Found in Sample: F2: Sample,Confidence (by Search Engine): Sequest HT,q-Value (by Search Engine): Sequest HT,PEP (by Search Engine): Sequest HT,SVM Score (by Search Engine): Sequest HT,XCorr (by Search Engine): Sequest HT,PEP,q-Value,Top Apex RT [min]
,FALSE,High,[K].WTSSGALAEPK.[N],,1,1,1,EWG54450.1,EWG54450.1 [33-43],,0,1146.57896,984616.375,,High,High,0.0025,0.0174941,0.967149,2.7,0.033659,0.00877193,23.52
,FALSE,High,[K].NMYLFFAGDNGR.[I],1xOxidation [M2],1,1,1,EWG54450.1,EWG54450.1 [166-177],,0,1420.63141,148042.7188,,High,High,0.0025,0.0182892,0.952323,2.14,0.0351028,0.00877193,32.28
,FALSE,High,[K].NMYLFFAGDNGR.[I],1xOxidation [M2]; 1xDeamidated [N10],1,1,2,EWG54450.1,EWG54450.1 [166-177],,0,1421.61543,213691.9375,,High,High,0.0025,0.00137788,1.81361,3.46,0.00301017,0.00877193,33.77
FALSE,High,Master Protein,EWG38593.1,hypothetical protein FVEG_01779 [Fusarium verticillioides 7600],0,2.254,7,3,3,3,430,48.6,6.32,5.59,3,0,1391657.328,High,1,,,,
,Checked,Confidence,Annotated Sequence,Modifications,# Protein Groups,# Proteins,# PSMs,Master Protein Accessions,Positions in Master Proteins,Modifications in Master Proteins,# Missed Cleavages,Theo. MH+ [Da],Abundance: F2: Sample,Quan Info,Found in Sample: F2: Sample,Confidence (by Search Engine): Sequest HT,q-Value (by Search Engine): Sequest HT,PEP (by Search Engine): Sequest HT,SVM Score (by Search Engine): Sequest HT,XCorr (by Search Engine): Sequest HT,PEP,q-Value,Top Apex RT [min]
,FALSE,High,[R].FKPNLPSGVTK.[I],,1,1,1,EWG38593.1,EWG38593.1 [41-51],,1,1187.67828,874923.0625,,High,High,0.0025,0.253705,0.0583043,2.76,0.391791,0.00877193,23.03
,FALSE,High,[R].MLPYLDAVVQK.[A],1xOxidation [M1],1,1,1,EWG38593.1,EWG38593.1 [154-164],,0,1292.69189,377212.9063,,High,High,0.0025,0.0242466,0.858222,2.84,0.0458048,0.00877193,31.5
,FALSE,High,[K].WLAWMTNR.[I],,1,1,1,EWG38593.1,EWG38593.1 [210-217],,0,1077.52985,139521.3594,,High,High,0.0025,0.193779,0.154373,1.09,0.310191,0.00877193,33.56
FALSE,High,Master Protein,XP_018742012.1,subtilisin [Fusarium verticillioides 7600],0,1.354,3,1,2,1,413,42.1,6.96,3.3,1,0,2592973,High,1,,,,
,Checked,Confidence,Annotated Sequence,Modifications,# Protein Groups,# Proteins,# PSMs,Master Protein Accessions,Positions in Master Proteins,Modifications in Master Proteins,# Missed Cleavages,Theo. MH+ [Da],Abundance: F2: Sample,Quan Info,Found in Sample: F2: Sample,Confidence (by Search Engine): Sequest HT,q-Value (by Search Engine): Sequest HT,PEP (by Search Engine): Sequest HT,SVM Score (by Search Engine): Sequest HT,XCorr (by Search Engine): Sequest HT,PEP,q-Value,Top Apex RT [min]
,FALSE,High,[K].VLEGLTTPASVASR.[I],,1,1,2,XP_018742012.1,XP_018742012.1 [372-385],,0,1400.77437,2592973,,High,High,0.0025,0.0233555,0.870724,3.3,0.0442158,0.00877193,27.97
FALSE,High,Master Protein,XP_018750908.1,hypothetical protein FVEG_05715 [Fusarium verticillioides 7600],0,0.751,16,1,2,1,81,9.2,4.64,2.01,1,0,,High,1,,,,
,Checked,Confidence,Annotated Sequence,Modifications,# Protein Groups,# Proteins,# PSMs,Master Protein Accessions,Positions in Master Proteins,Modifications in Master Proteins,# Missed Cleavages,Theo. MH+ [Da],Abundance: F2: Sample,Quan Info,Found in Sample: F2: Sample,Confidence (by Search Engine): Sequest HT,q-Value (by Search Engine): Sequest HT,PEP (by Search Engine): Sequest HT,SVM Score (by Search Engine): Sequest HT,XCorr (by Search Engine): Sequest HT,PEP,q-Value,Top Apex RT [min]
,FALSE,High,[K].EVEPNIVGIDGHR.[F],,1,1,2,XP_018750908.1,XP_018750908.1 [23-35],,0,1434.73357,,No Quan Values,High,High,0.0025,0.103574,0.370536,2.01,0.177281,0.00877193,
FALSE,High,Master Protein,XP_018748181.1,transcription initiation factor TFIID subunit 2 [Fusarium verticillioides 7600],0,0.407,1,1,2,1,1499,170,8.53,0,1,0,3278387.25,High,1,,,,
,Checked,Confidence,Annotated Sequence,Modifications,# Protein Groups,# Proteins,# PSMs,Master Protein Accessions,Positions in Master Proteins,Modifications in Master Proteins,# Missed Cleavages,Theo. MH+ [Da],Abundance: F2: Sample,Quan Info,Found in Sample: F2: Sample,Confidence (by Search Engine): Sequest HT,q-Value (by Search Engine): Sequest HT,PEP (by Search Engine): Sequest HT,SVM Score (by Search Engine): Sequest HT,XCorr (by Search Engine): Sequest HT,PEP,q-Value,Top Apex RT [min]
,FALSE,High,[K].ESNGDIVESHR.[R],1xDeamidated [N3],1,1,2,XP_018748181.1,XP_018748181.1 [92-102],,0,1243.55493,3278387.25,,High,High,0.0025,0.253378,0.0587709,1.24,0.391359,0.00877193,29.24
FALSE,High,Master Protein,XP_018762357.1,subtilisin [Fusarium verticillioides 7600],0,0.376,5,1,2,1,415,44.3,9.13,0,1,0,207585.8672,High,1,,,,
,Checked,Confidence,Annotated Sequence,Modifications,# Protein Groups,# Proteins,# PSMs,Master Protein Accessions,Positions in Master Proteins,Modifications in Master Proteins,# Missed Cleavages,Theo. MH+ [Da],Abundance: F2: Sample,Quan Info,Found in Sample: F2: Sample,Confidence (by Search Engine): Sequest HT,q-Value (by Search Engine): Sequest HT,PEP (by Search Engine): Sequest HT,SVM Score (by Search Engine): Sequest HT,XCorr (by Search Engine): Sequest HT,PEP,q-Value,Top Apex RT [min]
,FALSE,High,[K].GNNKDDDGHGTHVAGTIAGK.[T],1xDeamidated [N2],1,1,2,XP_018762357.1,XP_018762357.1 [194-213],,1,1964.90567,207585.8672,,High,High,0.0025,0.276079,0.0275224,0.9,0.421065,0.00877193,20.7
FALSE,High,Master Protein,XP_018755253.1,alkaline proteinase [Fusarium verticillioides 7600],0,0.72,2,1,2,1,414,42.7,7.25,2.91,1,0,383825.0625,High,1,,,,
,Checked,Confidence,Annotated Sequence,Modifications,# Protein Groups,# Proteins,# PSMs,Master Protein Accessions,Positions in Master Proteins,Modifications in Master Proteins,# Missed Cleavages,Theo. MH+ [Da],Abundance: F2: Sample,Quan Info,Found in Sample: F2: Sample,Confidence (by Search Engine): Sequest HT,q-Value (by Search Engine): Sequest HT,PEP (by Search Engine): Sequest HT,SVM Score (by Search Engine): Sequest HT,XCorr (by Search Engine): Sequest HT,PEP,q-Value,Top Apex RT [min]
,FALSE,High,[K].QANIISVK.[V],,1,1,2,XP_018755253.1,XP_018755253.1 [215-222],,0,872.51999,383825.0625,,High,High,0.0025,0.112237,0.343172,2.91,0.190696,0.00877193,22
FALSE,High,Master Protein,EWG46631.1,hypothetical protein FVEG_16003 [Fusarium verticillioides 7600],0,0.41,1,1,1,1,752,83.2,7.62,0,1,0,5794919,High,1,,,,
,Checked,Confidence,Annotated Sequence,Modifications,# Protein Groups,# Proteins,# PSMs,Master Protein Accessions,Positions in Master Proteins,Modifications in Master Proteins,# Missed Cleavages,Theo. MH+ [Da],Abundance: F2: Sample,Quan Info,Found in Sample: F2: Sample,Confidence (by Search Engine): Sequest HT,q-Value (by Search Engine): Sequest HT,PEP (by Search Engine): Sequest HT,SVM Score (by Search Engine): Sequest HT,XCorr (by Search Engine): Sequest HT,PEP,q-Value,Top Apex RT [min]
,FALSE,High,[K].QAVQATFEGR.[W],1xDeamidated [Q4],1,1,1,EWG46631.1,EWG46631.1 [619-628],,0,1107.54291,5794919,,High,High,0.0025,0.251348,0.061682,1.46,0.388669,0.00877193,21.2
FALSE,High,Master Protein,EWG53008.1,hypothetical protein FVEG_11542 [Fusarium verticillioides 7600],0,0.402,2,1,1,1,428,47.2,6.21,2.03,1,0,974029.125,High,1,Met-loss+Acetyl [N-Term],,,
,Checked,Confidence,Annotated Sequence,Modifications,# Protein Groups,# Proteins,# PSMs,Master Protein Accessions,Positions in Master Proteins,Modifications in Master Proteins,# Missed Cleavages,Theo. MH+ [Da],Abundance: F2: Sample,Quan Info,Found in Sample: F2: Sample,Confidence (by Search Engine): Sequest HT,q-Value (by Search Engine): Sequest HT,PEP (by Search Engine): Sequest HT,SVM Score (by Search Engine): Sequest HT,XCorr (by Search Engine): Sequest HT,PEP,q-Value,Top Apex RT [min]
,FALSE,High,[-].MASPVSHR.[R],1xMet-loss+Acetyl [N-Term],1,1,1,EWG53008.1,EWG53008.1 [1-8],EWG53008.1 1xMet-loss+Acetyl [N-Term],0,795.41078,974029.125,,High,High,0.0025,0.257296,0.0532094,2.03,0.396534,0.00877193,21.48
FALSE,High,Master Protein,EWG51732.1,"arabinan endo-1,5-alpha-L-arabinosidase [Fusarium verticillioides 7600]",0,0.428,3,1,1,1,315,33.9,7.96,0,1,0,253703.3125,High,1,,,,
,Checked,Confidence,Annotated Sequence,Modifications,# Protein Groups,# Proteins,# PSMs,Master Protein Accessions,Positions in Master Proteins,Modifications in Master Proteins,# Missed Cleavages,Theo. MH+ [Da],Abundance: F2: Sample,Quan Info,Found in Sample: F2: Sample,Confidence (by Search Engine): Sequest HT,q-Value (by Search Engine): Sequest HT,PEP (by Search Engine): Sequest HT,SVM Score (by Search Engine): Sequest HT,XCorr (by Search Engine): Sequest HT,PEP,q-Value,Top Apex RT [min]
,FALSE,High,[R].SSSITGPYVDK.[A],,1,1,1,EWG51732.1,EWG51732.1 [240-250],,0,1153.57354,253703.3125,,High,High,0.0025,0.240097,0.0781945,1.56,0.37367,0.00877193,23
FALSE,High,Master Protein,EWG44782.1,hypothetical protein FVEG_05772 [Fusarium verticillioides 7600],0,1.875,4,1,1,1,255,27.2,8.15,3.19,1,0,423804.5938,High,1,,,,
,Checked,Confidence,Annotated Sequence,Modifications,# Protein Groups,# Proteins,# PSMs,Master Protein Accessions,Positions in Master Proteins,Modifications in Master Proteins,# Missed Cleavages,Theo. MH+ [Da],Abundance: F2: Sample,Quan Info,Found in Sample: F2: Sample,Confidence (by Search Engine): Sequest HT,q-Value (by Search Engine): Sequest HT,PEP (by Search Engine): Sequest HT,SVM Score (by Search Engine): Sequest HT,XCorr (by Search Engine): Sequest HT,PEP,q-Value,Top Apex RT [min]
,FALSE,High,[K].VEQALVNIIGK.[K],,1,1,1,EWG44782.1,EWG44782.1 [129-139],,0,1183.7045,423804.5938,,High,High,0.0025,0.00659311,1.29234,3.19,0.013346,0.00877193,30.3
FALSE,High,Master Protein,XP_018758723.1,hypothetical protein FVEG_16989 [Fusarium verticillioides 7600],0,0.439,29,1,1,1,35,3.6,6.46,0,1,0,223581.7344,High,1,,,,
,Checked,Confidence,Annotated Sequence,Modifications,# Protein Groups,# Proteins,# PSMs,Master Protein Accessions,Positions in Master Proteins,Modifications in Master Proteins,# Missed Cleavages,Theo. MH+ [Da],Abundance: F2: Sample,Quan Info,Found in Sample: F2: Sample,Confidence (by Search Engine): Sequest HT,q-Value (by Search Engine): Sequest HT,PEP (by Search Engine): Sequest HT,SVM Score (by Search Engine): Sequest HT,XCorr (by Search Engine): Sequest HT,PEP,q-Value,Top Apex RT [min]
,FALSE,High,[K].CNAAIDGAGK.[T],1xCarbamidomethyl [C1],1,1,1,XP_018758723.1,XP_018758723.1 [15-24],,0,976.45166,223581.7344,,High,High,0.0025,0.232587,0.0895991,1.01,0.363566,0.00877193,19.72
